epoch,time,train/box_loss,train/seg_loss,train/cls_loss,train/dfl_loss,train/sem_loss,metrics/precision(B),metrics/recall(B),metrics/mAP50(B),metrics/mAP50-95(B),metrics/precision(M),metrics/recall(M),metrics/mAP50(M),metrics/mAP50-95(M),val/box_loss,val/seg_loss,val/cls_loss,val/dfl_loss,val/sem_loss,lr/pg0,lr/pg1,lr/pg2
1,148.198,0.8325,1.73463,1.2137,1.36282,0,0.45592,0.42233,0.32631,0.18375,0.0102,0.00971,0.00018,4e-05,1.04467,6.82147,25.6698,1.9688,0,0.000199257,0.000199257,0.0802736
2,283.668,0.91473,1.70022,1.08545,1.40889,0,0.26076,0.18493,0.12821,0.05714,0.27467,0.19417,0.13538,0.0613,2.14652,1.5547,10.4966,2.47268,0,0.000399213,0.000399213,0.0604736
3,417.781,0.91671,1.69116,1.12066,1.42337,0,0.77467,0.71765,0.78727,0.55616,0.76447,0.70388,0.77125,0.5395,0.8041,1.06906,4.18629,1.57665,0,0.000598996,0.000598996,0.0406733
4,552.285,0.92817,1.67805,1.06263,1.42016,0,0.66385,0.74775,0.73768,0.50611,0.66543,0.7767,0.73505,0.42754,0.91924,1.43718,9.72237,1.74874,0,0.000798476,0.000798476,0.0208728
5,684.714,0.88527,1.573,1.01668,1.38983,0,0.93223,0.80125,0.8946,0.6116,0.9153,0.78686,0.8577,0.49698,0.97018,1.06539,2.13025,1.85392,0,0.000997522,0.000997522,0.00107187
6,819.04,0.79906,1.42318,0.924,1.32623,0,0.88766,0.76699,0.84046,0.64287,0.88205,0.76214,0.82629,0.62192,0.65081,0.82333,3.80849,1.37543,0,0.000997288,0.000997288,0.000997288
7,952.605,0.78958,1.41294,0.90863,1.3243,0,0.8567,0.81261,0.89303,0.69249,0.84188,0.79612,0.84945,0.64116,0.76015,0.83092,2.57528,1.49501,0,0.000996097,0.000996097,0.000996097
8,1086.45,0.77831,1.36305,0.86983,1.31016,0,0.80237,0.74892,0.83101,0.57247,0.78465,0.74285,0.82236,0.62206,0.74339,0.6573,0.93964,1.49238,0,0.00099469,0.00099469,0.00099469
9,1218.49,0.74575,1.32122,0.84305,1.28879,0,0.87223,0.7953,0.83634,0.65991,0.87452,0.77816,0.83751,0.68769,0.61287,0.60709,3.10154,1.31353,0,0.000993068,0.000993068,0.000993068
10,1351.42,0.73196,1.34075,0.79438,1.28485,0,0.90441,0.8301,0.9119,0.71922,0.91784,0.80583,0.89963,0.7472,0.55823,0.5837,0.59615,1.22567,0,0.000991232,0.000991232,0.000991232
11,1483.05,0.71504,1.27394,0.7644,1.26829,0,0.90697,0.80452,0.90294,0.7199,0.89029,0.79612,0.87807,0.71628,0.56045,0.66323,0.51113,1.241,0,0.000989183,0.000989183,0.000989183
12,1614.41,0.70002,1.3472,0.74437,1.2576,0,0.93054,0.84466,0.92032,0.74308,0.92901,0.83981,0.90365,0.7458,0.58632,0.57981,1.02742,1.23434,0,0.000986922,0.000986922,0.000986922
13,1747.66,0.69047,1.29063,0.75686,1.25985,0,0.8656,0.86893,0.88727,0.6885,0.85593,0.85922,0.86752,0.73277,0.60255,0.56743,0.89349,1.26157,0,0.000984449,0.000984449,0.000984449
14,1879.6,0.69585,1.28541,0.74858,1.2462,0,0.86449,0.86715,0.88188,0.68178,0.85481,0.85744,0.85392,0.68857,0.59403,0.63393,1.44551,1.35006,0,0.000981765,0.000981765,0.000981765
15,2012.14,0.67494,1.26357,0.72688,1.23764,0,0.93581,0.84932,0.92757,0.73578,0.93047,0.84457,0.90475,0.7427,0.56128,0.57904,0.79494,1.23228,0,0.000978873,0.000978873,0.000978873
16,2143.53,0.67628,1.24923,0.7174,1.23051,0,0.93763,0.79126,0.89358,0.74337,0.97031,0.76214,0.86577,0.73931,0.52965,0.5635,0.63522,1.23422,0,0.000975773,0.000975773,0.000975773
17,2274.39,0.67157,1.23345,0.70178,1.23942,0,0.92655,0.83495,0.91003,0.74755,0.91685,0.82524,0.89754,0.73431,0.57614,0.62474,0.78437,1.25709,0,0.000972466,0.000972466,0.000972466
18,2405.79,0.66154,1.26739,0.7118,1.22488,0,0.8647,0.80666,0.88457,0.72362,0.85449,0.79819,0.86311,0.68074,0.48963,0.7046,0.69599,1.1572,0,0.000968955,0.000968955,0.000968955
19,2537.81,0.63545,1.18111,0.71059,1.20047,0,0.88551,0.86358,0.90637,0.74309,0.87556,0.85387,0.88983,0.74808,0.52257,0.56009,0.70316,1.18306,0,0.000965239,0.000965239,0.000965239
20,2670.66,0.65033,1.22478,0.67261,1.22232,0,0.9022,0.89806,0.93539,0.75577,0.90391,0.85437,0.91295,0.7742,0.52701,0.51506,0.48834,1.19922,0,0.000961322,0.000961322,0.000961322
21,2803.19,0.63882,1.158,0.66312,1.21958,0,0.92283,0.87074,0.91646,0.73586,0.90787,0.86893,0.90644,0.72972,0.61302,0.6455,0.57864,1.35532,0,0.000957205,0.000957205,0.000957205
22,2935.02,0.65166,1.19727,0.68236,1.22326,0,0.9173,0.82524,0.90322,0.73687,0.90605,0.81553,0.8787,0.74805,0.50744,0.6108,0.55967,1.20019,0,0.000952889,0.000952889,0.000952889
23,3067.06,0.63433,1.17042,0.68856,1.20283,0,0.87142,0.85922,0.86312,0.70423,0.88512,0.84951,0.84904,0.70954,0.48439,0.56731,0.47481,1.14903,0,0.000948377,0.000948377,0.000948377
24,3198.41,0.64441,1.16221,0.6445,1.20747,0,0.95112,0.81068,0.90943,0.77306,0.94516,0.80583,0.89822,0.7736,0.46505,0.5956,0.48493,1.11932,0,0.000943671,0.000943671,0.000943671
25,3332.36,0.63619,1.14842,0.62167,1.20878,0,0.93539,0.84951,0.92136,0.75243,0.93363,0.81939,0.90298,0.76874,0.50307,0.50525,0.39198,1.11539,0,0.000938772,0.000938772,0.000938772
26,3463.62,0.61922,1.17559,0.62963,1.19544,0,0.91589,0.86408,0.92282,0.76341,0.90538,0.85437,0.90329,0.78069,0.53098,0.52789,0.68092,1.22764,0,0.000933683,0.000933683,0.000933683
27,3595.09,0.5961,1.08041,0.61845,1.17492,0,0.90091,0.83856,0.90436,0.74568,0.89048,0.82885,0.88422,0.76006,0.4642,0.54327,0.59649,1.12756,0,0.000928405,0.000928405,0.000928405
28,3726.23,0.63161,1.07621,0.628,1.20601,0,0.89587,0.87706,0.92823,0.78766,0.88601,0.86785,0.91095,0.80193,0.44965,0.52211,0.43992,1.09554,0,0.000922942,0.000922942,0.000922942
29,3859.49,0.59091,1.06576,0.58664,1.18738,0,0.89678,0.88569,0.91545,0.74294,0.88204,0.87113,0.88485,0.75179,0.47971,0.56076,0.44082,1.1249,0,0.000917296,0.000917296,0.000917296
30,3991.75,0.60022,1.09323,0.6011,1.18724,0,0.94941,0.81991,0.89414,0.76078,0.93819,0.81052,0.87997,0.77042,0.48666,0.50324,0.79309,1.12604,0,0.000911469,0.000911469,0.000911469
31,4122.65,0.60706,1.07249,0.59899,1.18471,0,0.88307,0.87379,0.90903,0.74848,0.87326,0.86408,0.88672,0.75369,0.46852,0.55632,0.75939,1.11448,0,0.000905463,0.000905463,0.000905463
32,4254.44,0.59679,1.06921,0.59754,1.17758,0,0.9277,0.85922,0.94497,0.7842,0.92246,0.85437,0.92045,0.80029,0.45391,0.49513,0.40624,1.0864,0,0.000899282,0.000899282,0.000899282
33,4385.82,0.59431,1.09756,0.57462,1.17006,0,0.89468,0.87379,0.91548,0.76286,0.88474,0.86408,0.89995,0.77298,0.54341,0.51249,0.43871,1.29154,0,0.000892928,0.000892928,0.000892928
34,4516.95,0.587,1.09499,0.59226,1.1694,0,0.94545,0.86408,0.93166,0.79891,0.93144,0.85437,0.90819,0.79762,0.4158,0.49084,0.37783,1.05404,0,0.000886404,0.000886404,0.000886404
35,4649.03,0.58956,1.07238,0.57657,1.171,0,0.88993,0.85437,0.92632,0.78942,0.9138,0.82343,0.90665,0.78779,0.42204,0.52794,0.36434,1.02864,0,0.000879713,0.000879713,0.000879713
36,4779.64,0.58494,1.01855,0.55417,1.16489,0,0.90401,0.85437,0.90986,0.75804,0.92014,0.82039,0.89362,0.79315,0.46303,0.48678,0.59012,1.11974,0,0.000872857,0.000872857,0.000872857
37,4911.33,0.57145,1.06081,0.54491,1.15811,0,0.90141,0.86408,0.91917,0.78475,0.88598,0.84951,0.9001,0.80179,0.41722,0.49952,0.42033,1.04239,0,0.000865839,0.000865839,0.000865839
38,5043.13,0.57926,1.03091,0.55816,1.17997,0,0.89494,0.85922,0.90986,0.72608,0.87977,0.84466,0.88127,0.75378,0.5075,0.4913,0.5272,1.16514,0,0.000858664,0.000858664,0.000858664
39,5174.75,0.59686,1.05648,0.61399,1.18107,0,0.9516,0.85902,0.92763,0.7825,0.94085,0.84931,0.9041,0.79096,0.45944,0.50199,0.47838,1.09339,0,0.000851333,0.000851333,0.000851333
40,5305.65,0.57444,1.01625,0.55243,1.1641,0,0.872,0.85437,0.89776,0.76709,0.8436,0.86406,0.88329,0.76608,0.42408,0.48279,0.47763,1.03777,0,0.000843851,0.000843851,0.000843851
41,5438.14,0.56063,1.11053,0.55853,1.15121,0,0.95644,0.82039,0.92936,0.80981,0.95078,0.81553,0.91473,0.81765,0.4288,0.51768,0.36871,1.04816,0,0.00083622,0.00083622,0.00083622
42,5571.85,0.5708,1.01911,0.54985,1.15463,0,0.87794,0.91262,0.91741,0.79266,0.86575,0.87656,0.88997,0.78037,0.41154,0.49942,0.3518,1.0207,0,0.000828443,0.000828443,0.000828443
43,5703.91,0.56856,1.03147,0.54203,1.16116,0,0.83352,0.91748,0.86797,0.74382,0.82007,0.90291,0.84154,0.73342,0.41065,0.46758,0.39616,1.04875,0,0.000820525,0.000820525,0.000820525
44,5836.38,0.56162,1.00302,0.55777,1.14164,0,0.91942,0.88627,0.94037,0.77528,0.90926,0.87558,0.92072,0.78612,0.50122,0.51645,0.37154,1.12219,0,0.000812468,0.000812468,0.000812468
45,5967.72,0.55135,1.01227,0.53092,1.1529,0,0.9067,0.86408,0.93085,0.81026,0.90734,0.85568,0.91008,0.802,0.39971,0.51975,0.35155,0.99259,0,0.000804277,0.000804277,0.000804277
46,6098.7,0.5549,1.01614,0.54679,1.15156,0,0.90865,0.86916,0.92776,0.7915,0.91739,0.83495,0.89943,0.79157,0.43317,0.4978,0.35457,1.03277,0,0.000795954,0.000795954,0.000795954
47,6231.1,0.54803,1.01931,0.5375,1.14594,0,0.86536,0.90483,0.90649,0.785,0.86245,0.8835,0.87855,0.76037,0.37846,0.51489,0.36521,0.99496,0,0.000787503,0.000787503,0.000787503
48,6363.16,0.55382,1.01659,0.53305,1.14578,0,0.91329,0.86916,0.91476,0.79133,0.90819,0.86431,0.90147,0.80343,0.40579,0.46641,0.3769,1.01254,0,0.000778929,0.000778929,0.000778929
49,6494.72,0.55041,0.98021,0.5198,1.14947,0,0.94552,0.84244,0.91277,0.78188,0.94007,0.83758,0.89693,0.79141,0.41367,0.46541,0.63657,1.01649,0,0.000770234,0.000770234,0.000770234
50,6625.54,0.53741,0.99247,0.52258,1.14289,0,0.88624,0.90291,0.93235,0.79697,0.87671,0.8932,0.90921,0.80365,0.39874,0.46293,0.35827,1.00836,0,0.000761423,0.000761423,0.000761423
51,6757.45,0.54257,1.00513,0.52006,1.13954,0,0.9013,0.93204,0.94213,0.82803,0.88942,0.91748,0.92039,0.8203,0.37802,0.45394,0.33002,0.98255,0,0.0007525,0.0007525,0.0007525
52,6894.68,0.5288,0.99427,0.51465,1.13237,0,0.89916,0.91262,0.94045,0.80647,0.89379,0.90777,0.9261,0.8261,0.39845,0.46177,0.32124,1.01297,0,0.000743468,0.000743468,0.000743468
53,7026.69,0.54752,0.99398,0.51117,1.15183,0,0.94262,0.87728,0.93654,0.79494,0.93219,0.86757,0.91716,0.79749,0.39612,0.50199,0.35327,0.98964,0,0.000734332,0.000734332,0.000734332
54,7159.07,0.52835,0.95214,0.48042,1.13426,0,0.94111,0.85328,0.93289,0.81628,0.93988,0.8348,0.92198,0.82639,0.41654,0.45877,0.33969,1.04925,0,0.000725094,0.000725094,0.000725094
55,7289.91,0.53849,0.98082,0.51109,1.13788,0,0.93967,0.83174,0.93601,0.81733,0.87405,0.87864,0.91466,0.80511,0.37632,0.51863,0.31898,0.96094,0,0.000715761,0.000715761,0.000715761
56,7420.32,0.52311,0.92474,0.50214,1.12805,0,0.90824,0.87379,0.93052,0.80512,0.90319,0.86893,0.91662,0.82517,0.41015,0.45556,0.35276,1.00695,0,0.000706335,0.000706335,0.000706335
57,7551.46,0.53299,0.98048,0.51049,1.13307,0,0.89251,0.88674,0.93614,0.81632,0.9273,0.83981,0.91954,0.81752,0.40648,0.46803,0.32135,1.00533,0,0.00069682,0.00069682,0.00069682
58,7683.76,0.53391,0.96571,0.493,1.13698,0,0.93223,0.8835,0.93635,0.82244,0.91784,0.86893,0.91837,0.81532,0.39181,0.47981,0.33908,0.99543,0,0.000687222,0.000687222,0.000687222
59,7815.39,0.52346,0.94865,0.48415,1.12833,0,0.92044,0.89855,0.94695,0.82472,0.91049,0.88884,0.93001,0.83425,0.38057,0.43945,0.31972,0.96715,0,0.000677543,0.000677543,0.000677543
60,7949.55,0.52709,0.93852,0.48613,1.13155,0,0.94854,0.8835,0.93932,0.8207,0.93135,0.8835,0.92572,0.82447,0.37354,0.44495,0.32115,0.96543,0,0.000667789,0.000667789,0.000667789
61,8082.18,0.51276,0.88679,0.46561,1.11803,0,0.9212,0.85125,0.93179,0.81101,0.91075,0.84209,0.91186,0.81952,0.38627,0.45359,0.38699,0.98192,0,0.000657963,0.000657963,0.000657963
62,8214.91,0.52329,0.94305,0.48231,1.12238,0,0.94994,0.84951,0.94109,0.82599,0.95028,0.83495,0.92348,0.82909,0.3733,0.4556,0.30755,0.98559,0,0.000648071,0.000648071,0.000648071
63,8347.84,0.5294,0.98884,0.48239,1.12121,0,0.95421,0.86408,0.94331,0.82987,0.94299,0.85437,0.92538,0.83503,0.35263,0.4438,0.29993,0.93899,0,0.000638115,0.000638115,0.000638115
64,8485.48,0.50358,0.89545,0.46836,1.10455,0,0.91126,0.89725,0.93904,0.81765,0.9014,0.88754,0.91732,0.83347,0.37776,0.43914,0.43056,0.97121,0,0.000628101,0.000628101,0.000628101
65,8623.39,0.51911,0.90961,0.47852,1.12127,0,0.88037,0.90777,0.93902,0.83406,0.86831,0.89806,0.92541,0.83423,0.35647,0.45246,0.31426,0.95502,0,0.000618034,0.000618034,0.000618034
66,8761.73,0.51422,0.98808,0.48931,1.10845,0,0.90169,0.89049,0.92332,0.80906,0.89189,0.88104,0.9057,0.80106,0.349,0.47091,0.37881,0.93957,0,0.000607916,0.000607916,0.000607916
67,8897.08,0.5023,0.93991,0.45752,1.11456,0,0.892,0.88835,0.92628,0.81429,0.88017,0.89143,0.90946,0.81097,0.3512,0.44083,0.33311,0.9473,0,0.000597754,0.000597754,0.000597754
68,9030.49,0.49935,0.89497,0.45372,1.11031,0,0.89552,0.87376,0.92727,0.81945,0.87757,0.86893,0.90607,0.82645,0.34963,0.45072,0.31322,0.94289,0,0.000587551,0.000587551,0.000587551
69,9165.95,0.51971,0.90701,0.46778,1.12241,0,0.9321,0.86408,0.93482,0.84762,0.9278,0.85922,0.92319,0.82676,0.33715,0.44618,0.29909,0.92985,0,0.000577311,0.000577311,0.000577311
70,9312.01,0.50764,0.89548,0.46933,1.11527,0,0.91611,0.90291,0.93693,0.83215,0.90626,0.8932,0.91661,0.81839,0.34216,0.46513,0.28596,0.92148,0,0.00056704,0.00056704,0.00056704
71,9448.45,0.51472,0.96449,0.4647,1.12627,0,0.90947,0.90291,0.94003,0.83641,0.89961,0.8932,0.92462,0.83631,0.33815,0.44122,0.34469,0.92087,0,0.000556742,0.000556742,0.000556742
72,9583.69,0.47619,0.85242,0.44896,1.09522,0,0.90407,0.8932,0.9379,0.82828,0.89377,0.8835,0.92247,0.83797,0.36787,0.44416,0.30438,0.95932,0,0.000546421,0.000546421,0.000546421
73,9720.02,0.4713,0.86922,0.43521,1.08564,0,0.8619,0.90892,0.92839,0.83288,0.85742,0.90493,0.91645,0.83226,0.34511,0.44885,0.30266,0.93385,0,0.000536081,0.000536081,0.000536081
74,9855.42,0.49055,0.88544,0.45629,1.09628,0,0.9309,0.86408,0.93616,0.84189,0.92044,0.85437,0.9169,0.83645,0.35587,0.43369,0.28601,0.95296,0,0.000525728,0.000525728,0.000525728
75,9992.03,0.48237,0.86514,0.44327,1.0985,0,0.92341,0.87786,0.93643,0.83823,0.91319,0.86815,0.91821,0.83252,0.33103,0.4424,0.3143,0.93292,0,0.000515366,0.000515366,0.000515366
76,10124.1,0.47693,0.84912,0.43684,1.09423,0,0.8729,0.93204,0.9378,0.8357,0.85927,0.91748,0.9172,0.8333,0.34215,0.45044,0.31285,0.93275,0,0.000505,0.000505,0.000505
77,10258,0.50496,0.9054,0.45384,1.11257,0,0.93355,0.86893,0.93051,0.82174,0.92834,0.86408,0.91593,0.83562,0.36163,0.45708,0.33405,0.97063,0,0.000494634,0.000494634,0.000494634
78,10392.9,0.47945,0.85716,0.4345,1.09829,0,0.92334,0.87704,0.93616,0.83933,0.91312,0.86734,0.91929,0.84214,0.32028,0.44877,0.28364,0.90995,0,0.000484272,0.000484272,0.000484272
79,10534.8,0.48335,0.90269,0.44769,1.10261,0,0.94262,0.84951,0.93025,0.8358,0.93723,0.84466,0.91993,0.83667,0.32858,0.45732,0.32582,0.93308,0,0.000473919,0.000473919,0.000473919
80,10672.8,0.48239,0.92838,0.45673,1.10018,0,0.90679,0.8835,0.92255,0.80532,0.90537,0.8824,0.90797,0.8211,0.34966,0.44089,0.34121,0.94653,0,0.000463579,0.000463579,0.000463579
81,10809.3,0.48475,0.89039,0.46696,1.10657,0,0.89746,0.89219,0.93388,0.83394,0.91741,0.83981,0.91867,0.83417,0.348,0.46829,0.34186,0.95574,0,0.000453258,0.000453258,0.000453258
82,10944.8,0.46823,0.84651,0.41769,1.09057,0,0.97714,0.82998,0.9347,0.83425,0.96571,0.82027,0.91978,0.83647,0.33858,0.45956,0.33188,0.94144,0,0.00044296,0.00044296,0.00044296
83,11081.7,0.47727,0.84005,0.43622,1.09386,0,0.90091,0.9268,0.93453,0.83283,0.88675,0.91223,0.91281,0.84033,0.3412,0.43888,0.36031,0.93262,0,0.000432689,0.000432689,0.000432689
84,11213.1,0.47454,0.847,0.41262,1.08939,0,0.92964,0.89797,0.94003,0.83831,0.91939,0.88587,0.92547,0.84847,0.34049,0.44392,0.28495,0.92846,0,0.000422449,0.000422449,0.000422449
85,11351.5,0.47461,0.86846,0.4211,1.09302,0,0.90834,0.91748,0.9418,0.84664,0.89873,0.90777,0.92726,0.8568,0.33902,0.42748,0.28552,0.92118,0,0.000412246,0.000412246,0.000412246
86,11494.7,0.47953,0.82925,0.44009,1.09043,0,0.93164,0.8601,0.92917,0.82899,0.92129,0.85231,0.91193,0.82134,0.32989,0.45837,0.29918,0.92423,0,0.000402084,0.000402084,0.000402084
87,11630.2,0.46972,0.8457,0.43807,1.07889,0,0.90492,0.8932,0.94093,0.8507,0.9034,0.87864,0.92535,0.85171,0.30299,0.42843,0.27269,0.8868,0,0.000391966,0.000391966,0.000391966
88,11764.5,0.47373,0.83122,0.41827,1.09327,0,0.9117,0.87864,0.93443,0.84004,0.9036,0.86454,0.91991,0.84904,0.33122,0.43051,0.3012,0.9361,0,0.000381899,0.000381899,0.000381899
89,11899.9,0.47397,0.8413,0.41385,1.09447,0,0.9194,0.88596,0.93828,0.84039,0.90934,0.87642,0.9213,0.84882,0.33944,0.44083,0.28074,0.91988,0,0.000371885,0.000371885,0.000371885
90,12037.1,0.4736,0.82722,0.42375,1.09154,0,0.91517,0.89028,0.93937,0.84951,0.90525,0.88125,0.92604,0.85182,0.32618,0.42006,0.33648,0.91142,0,0.000361929,0.000361929,0.000361929
91,12173.2,0.46443,0.82506,0.39135,1.07849,0,0.89372,0.91748,0.94316,0.84476,0.87954,0.90291,0.92753,0.85664,0.32917,0.44547,0.30526,0.92544,0,0.000352037,0.000352037,0.000352037
92,12309,0.45484,0.7954,0.40999,1.08089,0,0.88326,0.91825,0.9409,0.83789,0.93508,0.83911,0.92648,0.8572,0.34617,0.42516,0.28278,0.94768,0,0.000342211,0.000342211,0.000342211
93,12443.9,0.45817,0.82817,0.39606,1.07969,0,0.90497,0.89806,0.93982,0.84126,0.89519,0.88835,0.92135,0.85125,0.33692,0.41876,0.28248,0.93125,0,0.000332457,0.000332457,0.000332457
94,12575.5,0.46966,0.84033,0.41723,1.08643,0,0.88263,0.92233,0.94071,0.83795,0.86633,0.90777,0.92549,0.85291,0.32778,0.42778,0.275,0.92164,0,0.000322778,0.000322778,0.000322778
95,12710.5,0.44331,0.79783,0.39121,1.07066,0,0.88734,0.91764,0.93942,0.84742,0.87474,0.90291,0.92237,0.84994,0.33002,0.42108,0.26834,0.91095,0,0.00031318,0.00031318,0.00031318
96,12843,0.46448,0.82034,0.38436,1.08244,0,0.90349,0.90891,0.93973,0.85263,0.88903,0.89453,0.92411,0.85183,0.32377,0.42686,0.26952,0.91727,0,0.000303665,0.000303665,0.000303665
97,12982.3,0.45325,0.78007,0.38907,1.07632,0,0.92407,0.88613,0.9427,0.84427,0.90894,0.87219,0.92801,0.84706,0.34285,0.44299,0.25616,0.92593,0,0.000294239,0.000294239,0.000294239
98,13118.5,0.45299,0.82453,0.38624,1.07092,0,0.87652,0.93689,0.93912,0.84382,0.86144,0.92233,0.92353,0.84494,0.33879,0.43532,0.26509,0.91955,0,0.000284906,0.000284906,0.000284906
99,13253.1,0.46074,0.81146,0.40455,1.08113,0,0.87049,0.92233,0.92122,0.83279,0.8666,0.91453,0.90988,0.82398,0.31538,0.44811,0.2951,0.90649,0,0.000275668,0.000275668,0.000275668
100,13388.4,0.4595,0.82167,0.40632,1.07876,0,0.90818,0.8642,0.93127,0.84785,0.90308,0.85944,0.9199,0.84639,0.32449,0.43102,0.27166,0.90576,0,0.000266532,0.000266532,0.000266532
101,13523.9,0.44619,0.79939,0.37807,1.06844,0,0.95654,0.8547,0.9408,0.85336,0.94569,0.84535,0.92662,0.85576,0.31579,0.42272,0.26656,0.8972,0,0.0002575,0.0002575,0.0002575
102,13666.2,0.45071,0.80289,0.38421,1.07409,0,0.9596,0.84951,0.93574,0.84383,0.94863,0.83981,0.91966,0.85061,0.31929,0.42196,0.27452,0.90285,0,0.000248577,0.000248577,0.000248577
103,13803.4,0.46164,0.81206,0.40413,1.08532,0,0.925,0.86408,0.93744,0.84855,0.91651,0.85268,0.919,0.8493,0.32485,0.42807,0.27452,0.91453,0,0.000239766,0.000239766,0.000239766
104,13938.1,0.44557,0.8057,0.38538,1.06531,0,0.93517,0.85922,0.93502,0.85335,0.86914,0.90278,0.92397,0.85032,0.33297,0.4316,0.28318,0.91289,0,0.000231071,0.000231071,0.000231071
105,14069.2,0.43458,0.79572,0.38014,1.06437,0,0.93189,0.87864,0.93807,0.8505,0.91626,0.86408,0.9208,0.84853,0.3177,0.41787,0.26461,0.90459,0,0.000222497,0.000222497,0.000222497
106,14204.2,0.4463,0.78458,0.3861,1.06427,0,0.92645,0.87864,0.93808,0.84716,0.9108,0.86408,0.92019,0.84623,0.3257,0.41968,0.27625,0.92637,0,0.000214046,0.000214046,0.000214046
107,14336.6,0.43901,0.79941,0.38308,1.06227,0,0.9266,0.87379,0.9376,0.8407,0.93532,0.84235,0.91681,0.84537,0.31486,0.435,0.26588,0.91216,0,0.000205723,0.000205723,0.000205723
108,14467.7,0.43906,0.7788,0.37872,1.06377,0,0.95025,0.86893,0.93776,0.84686,0.94069,0.85922,0.92209,0.84773,0.31458,0.43736,0.26104,0.91704,0,0.000197532,0.000197532,0.000197532
109,14605,0.44471,0.79007,0.38528,1.07743,0,0.92178,0.8932,0.93993,0.84821,0.90658,0.87864,0.92317,0.85251,0.31702,0.41467,0.25565,0.91162,0,0.000189475,0.000189475,0.000189475
110,14739.6,0.43912,0.79938,0.37829,1.05639,0,0.91268,0.8932,0.9355,0.84505,0.90248,0.8835,0.92501,0.85505,0.32082,0.42148,0.26302,0.9074,0,0.000181557,0.000181557,0.000181557
111,14872.8,0.43236,0.76902,0.37904,1.06283,0,0.86146,0.92233,0.93456,0.8454,0.92578,0.84774,0.92175,0.85523,0.31663,0.42043,0.24877,0.90753,0,0.00017378,0.00017378,0.00017378
112,15009,0.42773,0.77808,0.35436,1.05943,0,0.93144,0.85922,0.93026,0.84208,0.92618,0.85437,0.91982,0.8557,0.31756,0.4275,0.27335,0.90446,0,0.000166149,0.000166149,0.000166149
113,15143.3,0.43378,0.80231,0.38393,1.06071,0,0.92439,0.89021,0.94106,0.84905,0.90952,0.87838,0.92265,0.85276,0.30898,0.43135,0.2501,0.90665,0,0.000158667,0.000158667,0.000158667
114,15277.6,0.43193,0.76668,0.37432,1.06317,0,0.90006,0.90291,0.94152,0.84848,0.88554,0.88835,0.92326,0.85245,0.31727,0.4274,0.24189,0.91157,0,0.000151336,0.000151336,0.000151336
115,15408.4,0.43028,0.75212,0.37212,1.05887,0,0.94708,0.86873,0.93688,0.84645,0.93102,0.85171,0.92136,0.85016,0.31078,0.43168,0.2489,0.90067,0,0.000144161,0.000144161,0.000144161
116,15544,0.41356,0.73285,0.3553,1.04253,0,0.9194,0.88835,0.93669,0.8531,0.904,0.87379,0.92389,0.85833,0.311,0.44196,0.24765,0.9037,0,0.000137143,0.000137143,0.000137143
117,15683.7,0.44019,0.78628,0.37546,1.06819,0,0.89829,0.90033,0.93289,0.85197,0.93429,0.84951,0.92317,0.85647,0.31624,0.41988,0.24206,0.90836,0,0.000130287,0.000130287,0.000130287
118,15819.2,0.42131,0.74833,0.35935,1.06184,0,0.90742,0.90401,0.94007,0.85329,0.8928,0.88945,0.92431,0.85727,0.30789,0.43317,0.23756,0.89389,0,0.000123596,0.000123596,0.000123596
119,15955.6,0.43147,0.76302,0.36742,1.06468,0,0.90471,0.87566,0.93646,0.85807,0.97404,0.81068,0.92633,0.85819,0.29276,0.4382,0.2611,0.88301,0,0.000117072,0.000117072,0.000117072
120,16099.3,0.42642,0.77809,0.36183,1.05697,0,0.90355,0.8835,0.93675,0.85923,0.89321,0.87379,0.92511,0.85574,0.29351,0.43502,0.24844,0.88547,0,0.000110718,0.000110718,0.000110718
121,16238,0.41942,0.74794,0.35307,1.05919,0,0.93309,0.88008,0.94448,0.862,0.91766,0.86561,0.93294,0.85906,0.29365,0.43954,0.22845,0.88004,0,0.000104537,0.000104537,0.000104537
122,16383.1,0.42661,0.75954,0.35946,1.05188,0,0.92595,0.8835,0.94236,0.85827,0.91037,0.86893,0.92697,0.86064,0.29669,0.44005,0.24142,0.88433,0,9.85311e-05,9.85311e-05,9.85311e-05
123,16518.1,0.43104,0.75671,0.36617,1.05299,0,0.92747,0.86907,0.93723,0.85832,0.91711,0.85936,0.9261,0.86059,0.29771,0.43479,0.23156,0.88164,0,9.2704e-05,9.2704e-05,9.2704e-05
124,16654.8,0.41618,0.73114,0.35465,1.04694,0,0.92826,0.87934,0.93396,0.85882,0.91801,0.86963,0.93089,0.85702,0.29597,0.43974,0.23688,0.88367,0,8.70577e-05,8.70577e-05,8.70577e-05
125,16786.9,0.42871,0.76492,0.3679,1.0555,0,0.93278,0.87571,0.93476,0.86097,0.92245,0.86617,0.92505,0.85977,0.2917,0.42702,0.23345,0.87826,0,8.15947e-05,8.15947e-05,8.15947e-05
126,16924,0.41818,0.76314,0.35494,1.05918,0,0.89994,0.89806,0.9366,0.85825,0.89021,0.88835,0.92546,0.8572,0.29746,0.42855,0.23335,0.87903,0,7.63174e-05,7.63174e-05,7.63174e-05
127,17058.1,0.40917,0.72096,0.34543,1.05152,0,0.90555,0.8932,0.93699,0.85597,0.89571,0.8835,0.92693,0.85821,0.30025,0.43385,0.23661,0.88958,0,7.12282e-05,7.12282e-05,7.12282e-05
128,17190.5,0.41773,0.72701,0.34246,1.0544,0,0.91745,0.88835,0.94308,0.86224,0.90146,0.87379,0.9261,0.85779,0.2999,0.42568,0.23762,0.89153,0,6.63292e-05,6.63292e-05,6.63292e-05
129,17328.3,0.42982,0.76531,0.3591,1.05624,0,0.94292,0.88207,0.94545,0.8603,0.92735,0.86751,0.92865,0.85936,0.29194,0.428,0.22628,0.88507,0,6.16227e-05,6.16227e-05,6.16227e-05
130,17464,0.42373,0.76764,0.35552,1.05494,0,0.93272,0.87484,0.93987,0.85928,0.92237,0.86513,0.92915,0.86054,0.29232,0.42477,0.2335,0.88308,0,5.71106e-05,5.71106e-05,5.71106e-05
131,17592.3,0.2934,0.47588,0.38305,1.03124,0,0.915,0.8932,0.94058,0.85513,0.89469,0.87379,0.92206,0.85367,0.30442,0.42507,0.27385,0.90385,0,5.2795e-05,5.2795e-05,5.2795e-05
132,17721.3,0.30233,0.35314,0.34856,1.04929,0,0.91954,0.8835,0.93849,0.85943,0.90362,0.87864,0.92754,0.85909,0.29866,0.41757,0.25799,0.895,0,4.86777e-05,4.86777e-05,4.86777e-05
133,17849.7,0.30743,0.43136,0.31371,1.08123,0,0.93912,0.87379,0.946,0.85998,0.92538,0.85922,0.92875,0.85809,0.29788,0.40807,0.25202,0.89543,0,4.47606e-05,4.47606e-05,4.47606e-05
134,17978.9,0.29896,0.37716,0.37723,1.06047,0,0.94143,0.86408,0.93877,0.86205,0.93556,0.85437,0.93296,0.85978,0.30062,0.40761,0.24495,0.8926,0,4.10454e-05,4.10454e-05,4.10454e-05
135,18114.1,0.29227,0.34842,0.28445,1.04475,0,0.93354,0.8864,0.94571,0.86719,0.9182,0.87184,0.93453,0.86154,0.29417,0.41126,0.2336,0.8886,0,3.75337e-05,3.75337e-05,3.75337e-05
136,18248.3,0.28354,0.38844,0.27841,1.032,0,0.93359,0.8835,0.94477,0.86705,0.91786,0.86893,0.93441,0.86066,0.29394,0.41388,0.23875,0.88423,0,3.4227e-05,3.4227e-05,3.4227e-05
137,18378.8,0.2945,0.37922,0.29618,1.05475,0,0.92881,0.88664,0.94626,0.86706,0.91355,0.87208,0.93538,0.86278,0.28966,0.41151,0.23584,0.88575,0,3.11268e-05,3.11268e-05,3.11268e-05
138,18514.4,0.28989,0.3804,0.28822,1.05911,0,0.93693,0.88835,0.9483,0.87079,0.92143,0.87379,0.93151,0.86447,0.29443,0.40889,0.2376,0.88779,0,2.82345e-05,2.82345e-05,2.82345e-05
139,18648.3,0.28011,0.34985,0.28437,1.0286,0,0.93382,0.89051,0.94755,0.86642,0.91856,0.87606,0.93729,0.85812,0.29638,0.41532,0.23972,0.88804,0,2.55513e-05,2.55513e-05,2.55513e-05
140,18776.9,0.29069,0.37212,0.28411,1.05376,0,0.92916,0.89147,0.94731,0.86767,0.91399,0.87691,0.93424,0.8618,0.29428,0.41624,0.2363,0.88305,0,2.30784e-05,2.30784e-05,2.30784e-05
141,18903.7,0.2937,0.39233,0.27977,1.05664,0,0.93414,0.89505,0.94493,0.86254,0.91894,0.88049,0.93232,0.85641,0.29361,0.41605,0.23945,0.88594,0,2.08169e-05,2.08169e-05,2.08169e-05
142,19029,0.25651,0.34673,0.26834,1.01285,0,0.93416,0.89806,0.94598,0.8675,0.91901,0.8835,0.93407,0.86079,0.28977,0.41395,0.231,0.88224,0,1.87678e-05,1.87678e-05,1.87678e-05
143,19156.6,0.27596,0.40832,0.32568,1.02719,0,0.93876,0.89298,0.94668,0.8689,0.92855,0.88327,0.93352,0.86301,0.28941,0.41043,0.23624,0.88106,0,1.6932e-05,1.6932e-05,1.6932e-05
144,19280.9,0.2794,0.34058,0.29816,1.02568,0,0.94375,0.89585,0.94745,0.87074,0.92842,0.8815,0.93342,0.86259,0.29144,0.40988,0.23914,0.88049,0,1.53102e-05,1.53102e-05,1.53102e-05
145,19409.7,0.27985,0.36062,0.26239,1.05007,0,0.93737,0.8932,0.94674,0.87093,0.92209,0.87864,0.93274,0.8618,0.29136,0.40976,0.23986,0.88257,0,1.39032e-05,1.39032e-05,1.39032e-05
146,19537.1,0.26803,0.36277,0.32007,1.02897,0,0.93893,0.88835,0.94681,0.87095,0.92342,0.87379,0.93052,0.86161,0.28968,0.40999,0.24174,0.88092,0,1.27117e-05,1.27117e-05,1.27117e-05
147,19664.8,0.29666,0.36044,0.26548,1.06041,0,0.92905,0.88992,0.94572,0.87006,0.91396,0.87667,0.93192,0.86189,0.29248,0.41154,0.24401,0.88193,0,1.1736e-05,1.1736e-05,1.1736e-05
148,19790.6,0.27978,0.367,0.31531,1.03978,0,0.92479,0.89534,0.94524,0.87094,0.90976,0.8809,0.93297,0.86245,0.29136,0.4109,0.23991,0.88163,0,1.09768e-05,1.09768e-05,1.09768e-05
149,19920,0.26492,0.35447,0.2661,1.03487,0,0.93242,0.88835,0.9462,0.87056,0.90978,0.88118,0.93043,0.86275,0.28952,0.41091,0.23684,0.88022,0,1.04342e-05,1.04342e-05,1.04342e-05
150,20047.3,0.27622,0.35722,0.25993,1.04056,0,0.93572,0.88835,0.94545,0.87002,0.92038,0.87379,0.93035,0.86207,0.28687,0.41252,0.23334,0.87741,0,1.01086e-05,1.01086e-05,1.01086e-05
